{
  "project_info": {
    "project_number": "610471475271",
    "project_id": "flutter-matus",
    "storage_bucket": "flutter-matus.appspot.com"
  },
  "client": [
    {
      "client_info": {
        "mobilesdk_app_id": "1:610471475271:android:ce66d272ec7bec985f5962",
        "android_client_info": {
          "package_name": "hlfdev.flutter.matus_app"
        }
      },
      "oauth_client": [
        {
          "client_id": "610471475271-eqtvllbae5nbdtohcjfrevtigp5k0pct.apps.googleusercontent.com",
          "client_type": 1,
          "android_info": {
            "package_name": "hlfdev.flutter.matus_app",
            "certificate_hash": "17f49393746ffce5b12d1acfa2476311c37cb85a"
          }
        },
        {
          "client_id": "610471475271-dlq6s7hnnft02u9t84o5uff5l6lqf2qf.apps.googleusercontent.com",
          "client_type": 3
        }
      ],
      "api_key": [
        {
          "current_key": "AIzaSyAUIvoIEDcGEovSMepCZe2OCDGCokNKbCA"
        }
      ],
      "services": {
        "appinvite_service": {
          "other_platform_oauth_client": [
            {
              "client_id": "610471475271-dlq6s7hnnft02u9t84o5uff5l6lqf2qf.apps.googleusercontent.com",
              "client_type": 3
            }
          ]
        }
      }
    }
  ],
  "configuration_version": "1"
}